Shade,timepoint,avg_dli
1_cloth,T2,3.4702657876295535
1_cloth,T1,4.128284061755791
2_cloth,T2,1.4203919273372503
2_cloth,T1,1.6697087487029978
3_cloth,T2,0.6735746489964748
3_cloth,T1,0.8385243696053148
4_cloth,T2,0.3306564053090482
4_cloth,T1,0.38259203342563425
